"","period","nsampled","treatment","BA","DM","DO","DS","NA","OL","OT","PB","PE","PF","PH","PI","PL","PM","PP","RF","RM","RO","SF","SH","SO"
"1","1","8","control","0","13","0","2","2","0","0","0","1","1","0","0","0","0","3","0","0","0","0","0","0"
"2","2","8","control","0","20","1","3","2","0","0","0","0","4","0","0","0","0","2","0","0","0","0","0","0"
"3","3","8","control","0","21","0","8","4","0","0","0","1","2","0","0","0","0","1","0","0","0","0","0","0"
"4","4","8","control","0","21","3","12","4","2","3","0","1","1","0","0","0","0","0","0","0","0","0","0","0"
"5","5","8","control","0","16","1","9","5","2","1","0","0","2","0","0","0","0","0","0","1","0","0","0","0"
"6","6","8","control","0","17","1","13","5","1","5","0","0","3","0","0","0","0","0","0","0","0","0","0","0"
"7","7","8","control","0","19","0","9","4","2","3","0","1","1","0","0","0","0","0","0","0","0","0","0","0"
"8","8","8","control","0","15","0","9","2","1","2","0","1","2","0","0","0","0","0","0","0","0","0","0","0"
"9","9","8","control","0","11","1","12","1","1","5","0","2","3","0","0","0","0","0","0","1","0","0","0","0"
"10","10","8","control","0","14","1","15","1","0","0","0","0","0","0","0","0","0","0","0","0","0","0","0","0"
"11","11","8","control","0","16","2","17","0","0","1","0","0","1","0","0","0","1","2","0","0","0","0","0","0"
"12","12","8","control","0","13","3","19","2","1","0","0","0","3","0","0","0","0","1","0","0","0","0","0","0"
"13","13","8","control","0","17","2","19","1","1","1","0","0","0","0","0","0","0","2","0","0","0","0","0","0"
"14","14","8","control","0","17","1","15","3","0","0","0","2","0","0","0","0","0","1","0","0","0","0","0","0"
"15","15","8","control","0","21","1","17","4","1","3","0","2","2","0","0","0","0","4","0","0","0","0","0","0"
"16","16","8","control","0","15","2","13","4","1","0","0","0","2","0","0","0","0","1","0","0","0","0","0","0"
"17","17","8","control","0","15","3","7","2","3","6","0","1","0","0","0","0","0","0","0","0","0","0","1","0"
"18","18","8","control","0","14","2","7","2","10","2","0","0","0","0","0","0","0","0","0","0","0","0","0","0"
"19","19","8","control","0","15","1","3","0","4","2","0","1","0","0","0","0","0","0","0","0","0","0","0","0"
"20","20","8","control","0","15","1","7","0","4","0","0","0","0","0","0","0","2","0","0","0","0","0","0","0"
"21","21","8","control","0","10","2","12","0","0","0","0","1","1","0","0","0","0","0","0","0","0","0","0","0"
"22","22","8","control","0","7","1","11","4","0","1","0","0","0","0","0","0","0","0","0","0","0","0","0","0"
"23","23","8","control","0","12","2","15","4","0","0","0","0","0","0","0","0","0","0","0","0","0","0","0","0"
"24","24","8","control","0","7","1","8","1","0","0","0","0","1","0","0","0","0","1","0","0","0","0","0","0"
"25","25","8","control","0","6","1","11","1","1","3","0","1","0","0","0","0","0","1","0","0","0","0","0","0"
"26","26","8","control","0","7","1","9","2","3","4","0","0","0","0","0","0","0","0","0","0","0","0","0","0"
"27","27","8","control","0","10","0","6","0","1","6","0","0","1","0","0","0","0","1","0","0","0","0","0","0"
"28","28","8","control","0","10","4","8","4","0","3","0","0","0","0","0","0","0","1","0","0","0","0","0","0"
"29","29","8","control","0","14","2","7","4","5","3","0","0","1","0","0","0","0","1","0","2","0","0","0","0"
"30","30","8","control","0","22","5","6","5","8","3","0","0","3","0","0","0","0","0","0","1","0","0","0","0"
"31","31","8","control","0","12","3","5","1","7","0","0","1","2","0","0","0","0","0","0","2","0","0","0","0"
"32","32","8","control","0","14","1","10","1","3","0","0","0","2","0","0","0","0","0","0","2","0","0","0","0"
"33","33","8","control","0","12","2","11","0","3","1","0","0","4","0","0","0","0","0","0","0","0","0","0","0"
"34","34","8","control","0","11","3","15","4","2","1","0","0","1","0","0","0","0","0","0","0","0","0","0","0"
"35","35","8","control","0","14","5","18","0","1","2","0","0","1","0","0","0","0","0","0","0","0","0","0","0"
"36","36","8","control","0","10","5","14","1","0","1","0","0","1","0","0","0","0","0","0","0","0","0","0","0"
"37","37","8","control","0","11","3","12","2","2","2","0","0","0","0","0","0","0","1","0","0","0","0","0","0"
"38","38","8","control","0","9","1","13","2","1","5","0","0","2","0","0","0","0","3","0","0","0","0","0","0"
"39","39","8","control","0","8","1","11","1","6","3","0","0","1","0","0","0","0","1","0","0","0","0","0","0"
"40","40","8","control","0","11","3","11","1","6","2","0","0","3","0","0","0","0","0","0","0","0","0","0","0"
"41","41","8","control","0","21","2","10","2","2","5","0","1","3","0","0","0","0","0","0","0","0","0","0","0"
"42","42","8","control","0","13","4","9","1","3","2","0","0","0","0","0","0","0","1","0","1","0","0","0","0"
"43","43","8","control","0","18","5","11","1","4","0","0","0","2","0","0","0","0","1","0","1","0","0","0","0"
"44","44","8","control","0","15","3","14","0","1","6","0","0","2","0","0","0","0","0","0","0","0","0","0","0"
"45","45","8","control","0","17","5","16","0","0","2","0","0","1","0","0","0","0","1","0","0","0","0","0","0"
"46","46","8","control","0","18","4","18","3","1","2","0","1","3","0","0","0","0","1","0","0","0","0","0","0"
"47","47","8","control","0","17","4","10","2","0","0","0","0","2","0","0","0","0","2","0","0","0","0","0","0"
"48","48","8","control","0","15","2","7","1","1","3","0","0","0","0","0","0","0","2","0","0","0","0","0","0"
"49","49","8","control","0","13","3","6","2","0","0","0","0","0","0","0","0","0","0","0","0","0","0","0","0"
"50","50","8","control","0","9","0","7","3","0","3","0","3","0","0","0","0","0","0","0","1","0","0","0","0"
"51","51","8","control","0","15","1","7","3","4","6","0","0","3","0","0","0","0","0","0","0","0","0","0","0"
"52","52","8","control","0","25","1","11","4","3","4","0","3","1","0","0","0","0","0","0","1","0","0","0","0"
"53","53","8","control","0","17","3","13","3","2","2","0","4","1","0","0","0","0","0","0","5","0","0","0","0"
"54","54","8","control","0","24","0","5","4","5","3","0","4","0","0","0","0","0","0","0","4","0","0","0","0"
"55","55","8","control","0","34","3","15","3","4","2","0","5","0","0","0","0","0","0","0","12","0","0","0","0"
"56","56","8","control","0","22","4","9","3","2","3","0","5","1","0","0","0","1","0","0","6","0","0","0","0"
"57","57","8","control","0","18","4","16","2","1","1","0","2","1","0","0","0","2","2","0","2","0","0","0","0"
"58","58","8","control","0","16","4","18","4","3","1","0","2","1","0","0","0","0","1","0","1","0","0","1","0"
"59","59","8","control","0","21","3","20","5","3","2","0","1","2","0","0","0","0","2","0","0","0","0","1","0"
"60","60","8","control","0","26","4","21","4","2","3","0","1","3","0","0","0","0","3","0","1","0","0","0","0"
"61","61","8","control","0","34","5","15","3","3","1","0","3","7","0","0","0","1","5","0","1","0","0","0","0"
"62","62","8","control","0","27","5","11","2","6","5","0","0","5","0","0","0","1","0","0","0","0","0","0","0"
"63","63","8","control","0","30","5","14","4","8","4","0","2","12","0","0","0","0","0","0","2","0","0","0","0"
"64","64","8","control","0","26","6","15","3","4","1","0","1","6","0","0","0","1","0","0","7","0","0","0","0"
"65","65","8","control","0","25","9","8","0","2","1","0","2","2","0","0","0","1","0","0","5","0","0","0","0"
"66","66","8","control","0","29","6","13","0","2","2","0","2","9","0","0","0","0","0","0","7","0","0","0","0"
"67","67","8","control","0","20","5","20","3","2","0","0","4","10","0","0","0","2","0","0","3","0","0","0","0"
"68","68","8","control","0","18","3","14","1","0","3","0","2","3","0","0","0","1","2","0","2","0","0","0","0"
"69","69","8","control","0","14","8","16","3","1","4","0","0","1","0","0","0","0","1","0","1","0","0","0","0"
"70","70","8","control","0","16","5","5","4","0","5","0","0","0","0","0","0","0","3","0","1","0","0","0","0"
"71","71","8","control","0","17","5","10","6","0","4","0","0","3","0","0","0","0","3","0","0","0","0","0","0"
"72","72","8","control","0","20","11","18","9","0","2","0","0","3","0","0","0","0","2","0","0","0","0","0","0"
"73","73","8","control","0","23","7","14","4","1","8","0","0","2","0","0","0","0","0","0","1","0","0","0","0"
"74","74","8","control","0","21","9","17","3","1","5","0","0","1","0","0","0","0","0","0","0","0","0","0","0"
"75","75","8","control","0","17","5","13","4","3","5","0","0","0","0","0","0","0","0","0","1","0","0","0","0"
"76","76","8","control","0","17","5","9","0","2","3","0","0","0","0","0","0","0","0","0","3","0","0","0","0"
"77","77","8","control","0","14","6","9","0","1","1","0","0","0","0","0","0","0","0","0","1","0","0","0","0"
"78","78","8","control","0","8","2","10","2","0","1","0","0","0","0","0","0","2","0","0","1","0","0","0","0"
"79","79","8","control","0","13","4","3","4","3","3","0","0","0","0","0","0","0","0","0","0","0","0","0","0"
"80","80","8","control","0","17","6","1","4","3","1","0","1","0","0","0","0","0","1","0","0","0","0","0","0"
"81","81","8","control","0","14","4","3","4","2","3","0","0","0","0","0","0","0","0","0","0","0","0","0","0"
"82","82","8","control","0","11","4","0","4","2","4","0","1","0","1","0","0","0","1","0","0","0","0","0","0"
"83","83","8","control","0","23","4","3","3","3","1","0","0","0","0","0","0","0","1","0","0","0","0","0","0"
"84","84","8","control","0","29","8","3","2","3","2","0","0","0","0","0","0","0","0","0","1","0","0","0","0"
"85","85","8","control","0","18","6","1","0","3","3","0","2","0","0","0","0","1","0","0","0","0","0","0","0"
"86","86","8","control","0","21","10","1","0","2","3","0","1","0","0","0","0","2","0","0","1","0","0","0","0"
"87","87","8","control","0","23","5","1","0","7","1","0","3","0","0","0","0","1","0","0","0","0","0","0","0"
"88","88","8","control","0","16","10","1","0","7","3","0","0","0","0","0","0","0","0","0","1","0","0","0","0"
"89","89","8","control","0","19","7","3","0","2","1","0","0","0","0","0","0","0","1","0","0","0","0","0","0"
"90","90","8","control","0","23","7","5","2","1","0","0","1","0","0","0","0","0","0","0","0","0","0","0","0"
"91","91","8","control","0","24","7","4","6","2","2","0","1","0","0","0","0","0","0","0","0","0","0","0","0"
"92","92","8","control","0","23","7","2","5","2","1","0","0","0","0","0","0","0","3","0","0","0","0","0","0"
"93","93","8","control","0","28","8","4","2","3","5","0","1","0","0","0","0","0","4","0","1","0","0","0","0"
"94","94","8","control","0","27","11","6","5","6","9","0","3","0","0","0","0","0","2","0","0","0","0","0","0"
"95","95","8","control","0","33","8","8","3","3","5","0","5","0","0","0","0","0","0","0","1","0","0","0","0"
"96","96","8","control","0","31","7","6","2","3","4","0","2","0","0","0","0","0","0","0","3","0","0","0","0"
"97","97","8","control","0","24","9","9","4","4","3","0","3","0","0","0","0","0","1","0","1","0","0","0","0"
"98","98","8","control","0","24","5","8","3","4","0","0","2","0","0","0","0","0","0","0","0","0","0","0","0"
"99","99","8","control","0","20","3","8","6","1","2","0","4","0","0","0","0","1","1","0","1","0","0","0","0"
"100","100","8","control","0","20","6","2","5","1","0","0","0","0","0","0","0","0","0","0","0","0","0","0","0"
"101","101","8","control","0","25","7","5","5","1","1","0","1","0","0","0","0","0","1","0","0","0","0","0","0"
"102","102","8","control","0","19","2","6","4","2","0","0","0","0","0","0","0","0","0","0","0","0","0","0","0"
"103","103","8","control","0","19","3","5","4","2","1","0","0","0","0","0","0","0","0","0","0","0","0","0","0"
"104","104","8","control","0","16","4","5","3","3","3","0","2","0","0","0","0","0","1","0","0","0","0","0","0"
"105","105","8","control","0","21","8","5","0","6","2","0","0","0","0","0","0","3","0","0","3","0","0","0","0"
"106","106","8","control","0","19","5","4","2","4","1","0","0","0","0","0","0","3","0","0","3","0","0","0","0"
"107","107","8","control","0","21","4","6","6","4","1","0","4","0","0","0","0","0","0","0","6","0","0","0","0"
"108","108","8","control","0","21","8","6","1","8","0","0","2","0","0","0","0","1","0","0","3","0","0","0","0"
"109","109","8","control","0","19","6","7","4","4","2","0","3","0","0","0","0","3","2","0","2","0","0","0","0"
"110","110","8","control","0","17","7","8","6","3","0","0","5","0","0","0","0","2","2","0","0","0","0","0","0"
"111","111","8","control","0","18","7","7","5","6","1","0","3","0","0","0","0","3","1","0","1","0","0","0","0"
"112","112","8","control","0","26","8","9","3","3","0","0","3","0","0","0","0","1","1","0","2","0","0","0","0"
"113","113","8","control","0","25","9","5","6","3","0","0","6","0","0","0","0","1","1","0","2","0","0","1","0"
"114","114","8","control","0","18","8","4","6","5","3","0","3","0","0","0","0","1","1","0","2","0","0","0","0"
"115","115","8","control","0","17","7","5","8","2","7","0","1","0","0","0","0","2","4","0","1","0","0","0","0"
"116","116","8","control","0","18","6","4","5","3","2","0","8","1","0","0","0","1","1","0","3","0","0","2","0"
"117","117","8","control","0","25","7","3","5","5","2","0","13","1","0","0","0","1","0","0","9","0","0","0","0"
"118","118","8","control","0","22","10","3","3","2","1","0","8","0","0","0","0","1","0","0","7","0","0","1","0"
"119","119","8","control","0","28","11","3","3","3","3","0","4","0","0","0","0","0","0","0","4","0","0","1","0"
"120","120","8","control","0","33","13","3","3","3","1","0","2","0","0","0","0","0","1","0","6","0","0","0","0"
"121","121","8","control","0","17","10","6","4","5","4","0","2","1","0","0","0","0","1","0","1","0","0","1","0"
"122","122","8","control","0","19","11","4","3","0","2","0","3","0","0","0","0","0","1","0","0","0","0","1","0"
"123","123","8","control","0","21","9","4","5","4","1","0","5","0","0","0","0","0","1","0","0","0","0","1","0"
"124","124","8","control","0","18","8","4","5","0","4","0","1","0","0","0","0","0","1","0","1","0","0","1","0"
"125","125","8","control","0","19","10","4","4","2","3","0","6","0","0","0","0","0","2","0","1","0","0","0","0"
"126","126","8","control","0","15","4","2","3","0","3","0","1","0","0","0","0","0","2","0","0","0","0","1","0"
"127","127","8","control","0","24","5","3","2","0","3","0","1","0","0","0","0","0","0","0","0","0","0","0","0"
"128","128","8","control","0","21","4","4","1","4","6","0","7","0","1","0","0","0","0","0","2","0","0","2","0"
"129","129","8","control","0","22","6","4","2","3","2","0","5","0","0","0","0","0","0","2","10","0","0","1","0"
"130","130","8","control","0","22","3","3","2","5","4","0","7","0","0","0","0","0","0","1","9","0","0","3","0"
"131","131","8","control","0","22","8","3","1","7","3","0","8","0","0","0","0","0","0","1","16","0","0","2","0"
"132","132","8","control","0","16","4","5","4","5","0","0","5","0","0","0","0","2","0","0","14","0","0","3","0"
"133","133","8","control","0","18","4","4","3","3","1","0","3","0","0","0","0","0","1","1","8","0","0","2","0"
"134","134","8","control","0","22","5","3","4","2","1","0","1","0","0","0","0","0","0","0","3","0","0","2","0"
"135","135","8","control","0","21","4","3","3","0","0","0","3","0","0","0","0","0","0","1","5","0","0","1","0"
"136","136","8","control","0","17","4","3","4","1","2","0","1","0","0","0","0","0","1","2","2","0","0","2","0"
"137","137","8","control","0","24","6","2","2","0","5","0","2","0","0","0","0","0","1","1","2","0","0","0","0"
"138","138","8","control","0","16","8","1","1","1","4","0","1","0","0","0","0","0","2","0","0","0","0","0","0"
"139","139","8","control","0","22","7","2","2","1","4","0","5","1","0","0","0","0","1","0","1","0","0","2","0"
"140","140","8","control","0","20","10","2","2","5","7","0","5","1","1","0","0","0","2","1","4","0","1","1","0"
"141","141","8","control","0","25","13","2","1","0","3","0","5","0","1","0","0","0","0","1","12","0","2","0","0"
"142","142","8","control","0","21","12","2","1","0","4","0","2","0","0","0","0","0","0","0","3","0","3","0","0"
"143","143","8","control","0","25","10","1","1","0","2","0","1","0","1","0","0","0","0","0","3","0","1","0","0"
"144","144","8","control","0","27","13","1","3","1","2","0","1","0","1","0","0","0","0","0","5","0","3","0","0"
"145","145","8","control","0","30","14","2","1","1","3","0","2","0","1","0","0","0","0","0","6","0","2","1","0"
"146","146","8","control","0","27","13","1","2","1","2","0","0","0","1","0","0","0","0","0","1","0","2","0","0"
"147","147","8","control","0","27","10","1","1","0","2","0","0","0","1","0","0","0","0","0","0","0","0","0","0"
"148","148","8","control","0","24","11","2","0","0","1","0","0","0","0","0","0","0","0","0","0","0","0","0","0"
"149","149","8","control","0","26","7","1","0","1","3","0","0","0","2","0","0","0","0","0","0","0","0","0","0"
"150","150","8","control","0","25","10","2","0","1","2","0","0","0","0","0","0","0","0","0","0","0","0","0","0"
"151","151","8","control","0","21","7","1","3","0","0","0","0","0","0","0","0","0","1","0","0","0","0","0","0"
"152","152","8","control","0","34","6","1","3","0","3","0","0","0","0","0","0","0","0","0","0","0","0","0","0"
"153","153","8","control","0","32","7","1","1","0","4","0","0","0","0","0","0","0","0","0","0","0","0","0","0"
"154","154","8","control","0","37","8","1","2","7","4","0","0","0","0","0","0","0","0","0","4","0","0","0","0"
"155","155","8","control","0","31","10","1","1","6","4","0","0","0","0","0","0","0","0","0","7","0","0","0","0"
"156","156","8","control","0","31","7","1","1","4","5","0","0","0","0","0","0","0","0","0","3","0","1","0","0"
"157","157","8","control","0","35","8","1","1","0","2","0","0","0","0","0","0","0","0","0","5","0","0","0","0"
"158","158","8","control","0","24","7","1","4","3","1","0","1","0","0","0","0","0","2","0","0","0","0","0","0"
"159","159","8","control","0","21","5","1","3","1","2","0","0","0","0","0","0","0","2","0","1","0","0","0","0"
"160","160","8","control","0","24","6","1","0","3","2","0","1","0","0","0","0","0","1","0","2","0","0","0","0"
"161","161","8","control","0","22","4","1","3","0","2","0","0","1","0","0","0","0","5","0","1","0","0","0","0"
"162","162","8","control","0","24","2","1","1","0","6","0","0","1","0","0","0","0","4","0","1","0","0","0","0"
"163","163","8","control","0","21","3","1","1","0","6","0","1","1","0","0","0","0","2","0","0","0","0","0","0"
"164","164","8","control","1","23","5","1","0","0","6","0","3","3","0","0","0","0","3","0","2","0","0","0","0"
"165","165","8","control","0","25","5","1","1","1","10","0","1","2","0","0","0","0","0","0","10","0","0","0","1"
"166","166","8","control","0","25","9","0","0","1","7","0","3","1","0","0","0","0","0","0","6","0","0","0","0"
"167","167","8","control","0","20","6","1","0","1","5","0","2","0","0","0","0","0","0","0","5","0","0","0","0"
"168","168","8","control","0","21","6","1","0","2","5","0","6","0","0","0","0","0","0","0","6","0","0","0","1"
"169","169","8","control","0","22","5","1","0","1","2","0","6","0","0","0","0","0","0","0","5","0","0","0","0"
"170","170","8","control","0","27","5","2","0","2","0","0","2","2","0","0","0","0","0","0","0","0","0","0","0"
"171","171","8","control","0","22","4","1","0","1","0","0","0","0","0","0","0","0","3","0","1","0","0","0","1"
"172","172","8","control","0","24","2","2","1","0","4","0","0","0","0","0","0","0","1","0","0","0","0","0","0"
"173","173","8","control","0","19","7","2","1","0","1","0","0","0","0","0","0","0","7","0","1","0","0","0","0"
"174","174","8","control","0","13","6","1","1","1","2","0","0","0","0","0","0","0","5","0","1","0","0","0","0"
"175","175","8","control","0","14","7","2","1","2","2","0","0","1","0","0","0","0","10","0","0","0","0","0","1"
"176","176","8","control","0","19","4","2","2","2","0","0","1","3","0","0","0","0","11","0","1","0","0","0","1"
"177","177","8","control","0","24","4","1","2","5","2","0","0","4","0","0","0","0","1","0","2","0","0","0","0"
"178","178","8","control","0","14","0","2","1","1","0","0","0","1","0","0","0","0","0","0","2","0","0","0","0"
"179","179","8","control","0","13","1","2","2","1","0","0","1","0","0","0","0","0","0","0","3","0","0","0","0"
"180","180","8","control","0","13","1","1","0","1","0","0","0","3","0","0","0","0","1","0","3","0","0","0","0"
"181","181","8","control","0","33","1","2","0","1","2","0","1","3","0","0","0","0","3","0","1","0","0","0","0"
"182","182","8","control","0","12","1","2","0","0","0","0","0","0","0","0","0","0","6","0","1","0","0","0","0"
"183","183","8","control","0","15","3","3","0","1","3","0","1","1","0","0","0","0","2","0","0","0","0","0","0"
"184","184","8","control","0","15","2","3","0","1","0","0","0","0","0","0","0","0","4","0","0","0","0","0","0"
"185","185","8","control","0","15","1","1","1","1","0","0","0","3","0","0","0","0","2","0","1","0","0","0","0"
"186","186","8","control","0","16","1","0","0","0","1","0","0","4","0","0","0","0","2","0","0","0","0","0","1"
"187","187","8","control","0","10","2","1","2","1","0","0","0","2","0","0","0","0","0","0","0","0","0","0","0"
"188","188","8","control","0","18","1","1","1","1","0","0","0","2","0","0","0","0","0","0","0","0","0","0","0"
"189","189","8","control","0","18","2","1","3","1","2","0","0","0","0","0","0","0","0","0","0","0","0","0","1"
"190","190","8","control","0","16","3","1","1","2","0","0","0","0","0","0","0","0","0","0","1","0","0","0","0"
"191","191","8","control","0","17","1","0","0","0","1","0","0","0","0","0","0","0","0","0","0","0","0","0","0"
"192","192","8","control","0","23","0","0","0","0","1","0","0","0","0","0","0","0","0","0","1","0","0","0","0"
"193","193","8","control","0","24","1","1","0","0","3","0","0","0","0","0","0","0","0","0","0","0","0","0","0"
"194","194","8","control","0","29","2","2","1","0","3","0","0","1","0","0","0","0","2","0","0","0","0","0","0"
"195","195","8","control","0","19","2","1","1","0","1","0","0","0","0","0","0","0","0","0","0","0","0","0","0"
"196","196","8","control","0","14","2","1","0","0","0","0","0","1","0","0","0","0","0","0","1","0","0","0","0"
"197","197","8","control","0","14","3","1","0","0","0","0","0","0","0","0","0","0","0","0","0","0","0","0","0"
"198","198","8","control","0","13","0","1","0","2","0","0","0","1","0","0","0","0","3","0","0","0","0","0","0"
"199","199","8","control","0","13","0","1","0","1","0","0","0","0","0","0","0","0","3","0","0","0","0","0","0"
"200","200","8","control","0","23","3","1","1","2","0","0","0","4","0","0","0","0","2","0","0","0","0","0","0"
"201","201","8","control","0","20","4","0","1","0","0","0","0","2","0","0","0","0","0","0","0","0","0","0","0"
"202","202","8","control","0","20","6","0","0","0","0","0","0","0","0","0","0","0","0","0","0","0","0","0","0"
"203","203","8","control","0","16","6","0","0","0","0","0","0","0","0","0","0","0","0","0","0","0","0","0","0"
"204","204","8","control","0","21","5","0","0","0","0","0","0","0","0","0","0","0","0","0","0","0","0","0","0"
"205","205","8","control","0","23","4","0","0","1","0","0","0","1","0","0","0","0","0","0","1","0","0","0","0"
"206","206","8","control","0","24","2","0","0","0","0","0","0","2","0","0","0","0","0","0","1","0","0","0","0"
"207","207","8","control","0","20","2","0","0","0","0","0","0","1","0","0","0","0","0","0","0","0","0","0","0"
"208","208","8","control","0","27","1","0","1","2","0","0","0","0","0","0","0","0","4","0","0","0","0","0","0"
"209","209","8","control","0","26","0","0","0","1","0","0","0","1","0","0","0","0","2","0","0","0","0","0","0"
"210","210","8","control","0","29","2","0","0","0","1","0","0","3","0","1","0","0","18","0","0","0","0","0","0"
"211","211","8","control","0","25","0","0","0","4","2","0","0","3","0","0","0","0","24","0","0","0","0","0","0"
"212","212","8","control","0","26","2","0","1","1","3","0","0","11","0","0","0","0","26","0","0","0","0","0","0"
"213","213","8","control","0","33","0","0","2","0","3","0","0","12","0","0","0","0","18","0","1","0","0","0","0"
"214","214","8","control","0","35","3","0","2","1","2","0","0","9","0","0","0","0","2","0","1","0","0","0","0"
"215","215","8","control","0","33","0","0","1","0","6","0","0","6","0","0","0","1","1","0","2","0","0","0","0"
"216","216","8","control","0","40","8","0","0","1","0","1","2","5","0","0","0","0","0","0","1","0","0","0","0"
"217","217","8","control","0","42","8","0","0","0","0","0","4","9","0","0","0","2","2","0","2","0","0","0","0"
"218","218","8","control","0","25","5","0","0","1","2","0","5","4","0","0","0","3","8","0","4","0","0","0","0"
"219","219","8","control","0","38","12","0","0","1","1","0","3","15","0","0","0","2","13","0","9","0","0","0","0"
"220","220","8","control","0","31","3","0","1","0","0","0","2","7","0","0","0","0","5","0","0","0","0","0","0"
"221","221","8","control","0","25","9","0","0","1","1","1","1","9","0","0","0","3","10","0","0","0","0","0","0"
"222","222","8","control","0","17","6","0","0","0","3","1","0","9","0","0","0","0","8","0","0","0","0","0","0"
"223","223","8","control","0","18","3","0","0","0","0","0","0","3","0","0","0","0","15","0","0","0","0","0","0"
"224","224","8","control","0","33","5","0","1","0","10","5","0","10","0","0","0","0","11","0","0","0","0","0","0"
"225","225","8","control","0","32","4","0","2","0","9","4","0","9","0","0","0","0","3","0","0","0","0","0","0"
"226","226","8","control","0","34","5","0","3","0","6","2","2","9","0","0","0","1","0","0","1","0","0","0","0"
"227","227","8","control","0","38","7","0","0","0","6","4","0","3","0","0","0","2","0","0","2","0","0","0","0"
"228","228","8","control","0","63","11","0","0","0","9","6","1","6","0","0","1","4","0","0","7","0","0","0","0"
"229","229","8","control","0","72","13","0","1","0","11","4","2","12","0","0","0","3","6","0","9","0","0","0","0"
"230","230","8","control","0","47","9","0","0","2","11","2","1","7","0","0","0","6","25","0","10","0","0","0","0"
"231","231","8","control","0","37","14","0","6","0","17","4","1","4","0","0","0","7","15","0","1","0","0","0","2"
"232","232","8","control","0","46","11","0","4","0","15","7","1","6","0","0","0","7","18","0","0","0","0","0","0"
"233","233","8","control","0","41","16","1","1","0","10","9","0","7","0","0","0","7","24","0","0","0","0","0","0"
"234","234","8","control","0","36","11","1","5","0","10","6","0","6","0","0","0","1","17","0","1","0","0","2","0"
"235","235","8","control","0","30","10","1","5","0","16","8","0","3","0","0","0","5","3","0","1","0","0","0","0"
"236","236","8","control","0","38","6","1","5","0","10","7","0","1","0","0","0","5","0","0","0","0","0","0","0"
"237","237","8","control","0","42","8","1","2","0","13","6","1","0","0","0","0","0","0","0","2","0","0","0","0"
"238","238","8","control","0","34","6","1","2","0","13","3","1","0","0","0","0","0","0","0","1","0","0","0","0"
"239","239","8","control","0","51","8","1","1","0","15","3","0","0","0","0","0","0","0","0","0","0","0","0","0"
"240","240","8","control","0","45","13","1","1","0","10","5","0","0","0","0","0","0","0","0","0","0","0","0","0"
"241","241","4","control","0","31","0","0","1","0","2","3","0","0","0","0","0","0","3","0","0","0","0","0","0"
"242","242","8","control","0","32","2","0","2","0","6","3","0","0","0","0","0","0","7","0","0","0","0","0","0"
"243","243","8","control","0","53","6","0","6","0","4","1","1","1","0","0","0","2","10","0","0","0","0","0","0"
"244","244","8","control","0","28","5","1","4","0","6","1","1","0","0","0","0","0","13","0","0","0","0","0","0"
"245","245","8","control","0","27","3","1","0","0","6","10","0","0","0","0","0","0","16","0","0","0","0","0","0"
"246","246","8","control","0","24","4","0","2","0","5","10","0","1","0","0","0","1","16","0","0","0","0","0","0"
"247","247","8","control","0","27","8","1","3","0","7","9","0","0","0","0","0","0","18","0","0","0","0","0","0"
"248","248","8","control","0","31","7","1","1","0","10","9","0","0","0","0","0","2","2","0","0","0","0","0","0"
"249","249","8","control","0","40","10","1","0","0","6","4","0","0","0","0","0","0","0","0","0","0","0","0","0"
"250","250","8","control","0","40","4","1","1","0","7","2","0","0","0","0","0","0","0","0","0","0","0","0","0"
"251","251","8","control","0","38","8","1","2","0","11","4","1","0","0","0","0","0","0","0","1","0","0","0","0"
"252","252","8","control","0","37","7","1","1","0","6","6","0","0","0","0","0","3","0","0","1","0","0","0","0"
"253","253","8","control","0","35","8","1","2","0","5","6","0","0","0","0","0","2","0","0","1","0","0","0","0"
"254","254","8","control","0","39","12","2","2","0","4","4","0","0","0","0","0","0","4","0","0","0","0","0","0"
"255","255","8","control","0","27","10","1","2","0","5","8","0","0","0","0","0","2","5","0","0","0","0","0","0"
"256","256","8","control","0","22","8","1","1","0","3","5","0","0","0","0","0","0","6","0","0","0","0","0","0"
"257","257","8","control","0","2","0","0","2","0","0","1","0","0","0","0","0","0","4","0","0","0","0","0","0"
"258","258","8","control","0","12","4","0","1","0","2","3","0","0","0","0","0","0","15","0","0","0","0","0","0"
"259","259","8","control","0","14","2","0","1","0","6","7","0","0","0","0","0","0","23","0","0","0","0","1","0"
"260","260","8","control","0","6","3","0","2","0","2","10","0","0","0","0","0","0","17","0","1","0","0","0","0"
"261","261","8","control","0","12","9","0","3","0","2","15","0","0","0","0","0","0","13","0","0","0","0","1","0"
"262","262","8","control","0","12","8","0","3","0","2","28","0","0","0","0","0","0","16","0","0","0","0","0","0"
"263","263","8","control","0","17","5","0","1","0","6","21","0","0","0","0","0","0","22","0","1","0","0","0","0"
"264","264","8","control","0","16","11","0","1","0","6","19","0","0","0","0","0","0","13","0","0","0","0","1","0"
"265","265","8","control","0","15","10","0","2","0","2","20","0","0","0","0","0","0","25","0","0","0","0","2","0"
"266","266","8","control","0","14","5","0","0","0","6","28","0","0","0","0","0","0","32","0","0","0","0","0","0"
"267","267","5","control","0","9","2","0","1","0","0","18","0","0","0","0","0","0","11","0","0","0","0","1","0"
"268","268","8","control","0","19","3","0","1","0","10","25","0","0","0","0","0","0","27","0","0","0","0","0","0"
"269","269","8","control","0","23","4","0","1","0","11","18","0","0","0","0","0","0","6","0","0","0","0","0","0"
"270","270","8","control","0","20","4","0","3","0","13","10","1","0","0","0","0","0","1","0","1","0","0","0","0"
"271","271","8","control","0","15","3","0","2","0","14","9","0","0","0","0","0","0","0","0","0","0","0","0","0"
"272","272","8","control","0","19","1","0","2","0","7","8","0","0","0","0","0","0","0","0","1","0","0","0","0"
"273","273","8","control","0","14","0","0","0","0","4","9","0","0","0","0","0","0","2","0","1","0","0","0","0"
"274","274","8","control","0","20","0","0","2","0","6","6","0","1","0","0","0","1","12","0","0","0","0","0","0"
"275","275","8","control","0","20","5","0","1","0","4","2","0","2","0","0","0","1","8","0","0","0","0","0","0"
"276","276","8","control","0","26","4","0","4","0","2","9","1","1","0","0","0","0","9","0","0","0","0","1","0"
"277","277","4","control","0","15","2","0","3","0","0","6","0","0","0","0","0","0","11","0","0","0","0","1","0"
"278","278","4","control","0","9","5","0","0","0","3","11","0","2","0","0","0","0","18","0","0","0","0","0","0"
"279","279","8","control","0","25","4","0","1","0","14","23","1","2","0","0","0","0","33","0","0","0","0","0","0"
"280","280","8","control","0","29","5","0","0","0","8","20","1","1","0","0","0","0","24","0","0","0","0","0","0"
"281","281","8","control","0","28","10","0","2","0","18","23","1","5","0","0","0","0","12","0","0","0","0","1","0"
"282","282","8","control","0","25","15","0","5","0","12","22","3","0","0","0","0","0","2","0","0","0","0","1","0"
"283","283","4","control","0","9","5","0","3","0","7","7","2","0","0","0","0","0","2","0","0","0","0","0","0"
"284","284","4","control","0","9","6","0","1","0","7","6","3","0","0","0","0","0","0","0","0","0","0","0","0"
"285","285","8","control","0","23","12","0","3","0","2","16","2","0","0","0","0","0","3","0","1","0","0","1","0"
"286","286","8","control","0","30","17","0","2","0","5","14","0","2","0","0","0","0","9","0","0","0","0","0","0"
"287","287","8","control","0","25","21","0","3","0","6","13","0","2","0","1","0","0","23","0","0","0","0","1","0"
"288","288","8","control","0","25","20","0","2","0","2","22","6","1","0","0","0","0","21","0","0","0","0","0","0"
"289","289","8","control","0","16","18","0","2","0","3","26","3","0","0","0","0","0","24","0","0","0","0","0","0"
"290","290","8","control","0","14","15","0","1","0","2","25","2","1","0","2","0","0","36","0","0","0","0","0","0"
"291","291","8","control","0","10","5","0","2","0","1","6","0","0","0","1","0","0","9","0","0","0","0","0","0"
"292","292","8","control","0","17","7","0","3","1","4","24","0","1","0","0","0","0","23","0","0","0","0","0","0"
"293","293","8","control","0","16","12","0","2","1","9","28","0","1","0","0","0","0","12","0","0","0","1","1","0"
"294","294","8","control","0","17","13","0","2","1","6","31","3","1","0","0","0","0","7","0","0","0","1","0","0"
"295","295","8","control","0","17","8","0","2","1","2","27","0","0","0","0","0","0","4","0","0","1","2","0","0"
"296","296","8","control","0","26","21","0","2","0","6","31","6","2","0","0","0","0","7","0","2","0","0","0","0"
"297","297","8","control","0","27","26","0","1","1","8","34","7","4","0","1","0","0","8","0","0","0","4","0","0"
"298","298","8","control","0","23","23","0","3","1","10","29","6","0","0","2","0","0","27","0","1","0","5","0","0"
"299","299","8","control","0","23","17","0","3","5","18","27","2","2","0","2","0","0","34","0","1","0","3","1","0"
"300","300","8","control","0","23","16","0","2","4","17","35","0","6","0","2","0","0","35","0","1","0","2","1","0"
"301","301","8","control","0","21","15","0","1","1","15","32","0","2","0","2","0","0","40","0","0","0","1","1","0"
"302","302","8","control","0","18","9","0","4","0","11","31","2","2","0","2","0","0","38","0","0","0","1","1","0"
"303","303","8","control","0","18","8","1","1","1","10","26","2","1","0","0","0","0","29","0","0","0","0","0","0"
"304","304","8","control","0","16","11","0","0","2","15","23","2","1","0","0","0","0","7","0","0","0","0","0","0"
"305","305","8","control","0","16","7","0","1","1","14","18","5","0","0","0","0","0","5","0","1","0","0","0","0"
"306","306","8","control","0","13","9","0","2","0","6","13","3","0","0","1","0","0","1","0","0","0","0","0","0"
"307","307","8","control","0","21","7","0","1","0","5","12","2","0","0","0","0","0","0","0","0","0","0","0","0"
"308","308","8","control","0","18","8","0","1","2","5","8","0","0","0","0","0","0","0","0","0","0","0","0","0"
"309","309","8","control","0","17","10","0","2","0","4","8","3","0","0","0","0","0","1","0","0","0","0","0","0"
"310","310","8","control","0","13","3","0","0","0","3","10","0","0","0","0","0","0","3","0","0","0","0","0","0"
"311","311","7","control","0","13","4","0","1","0","4","2","0","0","0","0","0","0","10","0","0","0","0","0","0"
"312","312","8","control","0","19","15","0","1","0","3","7","0","0","0","1","0","0","15","0","0","0","0","0","0"
"313","313","8","control","0","13","12","0","2","0","8","13","0","0","0","1","0","0","22","0","0","0","0","0","0"
"314","314","8","control","0","14","8","0","0","1","3","19","0","0","0","1","0","0","24","0","0","0","0","0","0"
"315","315","8","control","0","10","6","0","0","0","4","13","0","0","0","1","0","0","24","0","0","0","0","0","0"
"316","316","8","control","0","5","3","0","0","0","1","14","0","0","0","0","0","0","34","0","0","0","0","0","0"
"317","317","8","control","0","10","7","0","1","0","5","21","2","0","0","0","0","0","25","0","0","0","0","0","0"
"318","318","4","control","0","2","2","0","0","0","3","18","2","0","0","0","0","0","6","0","0","0","0","0","0"
"319","319","8","control","0","16","8","0","1","0","4","17","1","0","0","1","0","0","4","0","0","0","0","0","0"
"320","320","8","control","0","8","14","0","2","0","3","16","2","0","0","0","0","1","3","0","0","0","0","0","0"
"321","321","7","control","0","13","13","0","0","0","1","8","0","0","0","0","0","0","11","0","0","0","0","0","0"
"322","322","8","control","0","11","9","0","0","0","1","7","0","0","0","0","0","0","25","0","0","0","0","0","0"
"323","323","8","control","0","12","14","0","0","0","5","8","0","0","0","0","0","0","21","0","0","0","0","0","0"
"324","324","8","control","0","13","15","0","0","0","3","10","0","0","0","0","0","0","31","0","0","0","0","0","0"
"325","325","8","control","0","10","9","0","0","0","4","15","1","0","0","9","0","0","39","0","0","0","0","0","0"
"326","326","8","control","0","12","10","0","0","0","3","22","0","0","0","8","0","0","59","0","0","0","0","0","0"
"327","327","8","control","0","12","12","0","0","0","6","33","0","0","0","4","0","0","55","0","0","0","0","0","0"
"328","328","8","control","0","9","10","0","0","2","6","34","2","1","0","3","0","0","45","0","0","0","0","0","0"
"329","329","8","control","0","14","12","0","1","2","16","31","2","4","0","0","0","0","20","0","0","0","0","0","0"
"330","330","8","control","0","12","11","0","1","1","9","18","2","0","0","1","0","0","2","0","3","0","0","0","0"
"331","331","8","control","0","13","14","0","0","0","10","19","1","0","0","0","0","1","2","0","1","0","0","0","0"
"332","332","8","control","0","12","14","0","1","0","8","18","2","0","0","0","0","1","3","0","2","0","0","0","0"
"333","333","8","control","0","18","7","0","0","0","2","14","4","1","0","0","0","0","5","0","0","1","0","0","0"
"334","334","8","control","0","15","8","0","0","0","6","14","3","3","0","1","0","0","13","0","0","0","0","0","0"
"335","335","8","control","0","21","9","0","0","0","3","10","0","1","0","1","0","0","35","0","0","0","0","0","0"
"336","336","8","control","0","16","9","0","0","1","2","13","0","1","0","0","0","1","34","0","0","0","0","0","0"
"337","337","4","control","0","6","6","0","0","0","0","2","0","0","0","0","0","0","29","0","0","0","0","0","0"
"338","338","8","control","0","14","7","0","0","0","0","17","0","1","0","0","0","0","61","0","0","0","0","0","0"
"339","339","4","control","0","5","3","0","0","0","1","2","0","0","0","0","0","0","9","0","0","0","0","0","0"
"340","340","8","control","0","4","2","0","0","0","0","6","0","0","0","0","0","0","25","0","0","0","0","0","0"
"341","341","8","control","0","12","1","0","1","0","0","14","0","0","0","0","0","0","41","0","0","0","0","0","0"
"342","342","8","control","0","11","4","0","1","0","3","21","1","0","0","0","0","1","85","0","0","0","0","1","0"
"343","343","8","control","0","17","6","0","1","0","2","30","5","0","0","0","0","0","60","0","0","0","0","3","0"
"344","344","4","control","0","5","6","0","0","4","3","17","3","0","0","0","0","0","13","0","1","0","0","3","0"
"345","345","8","control","0","18","12","0","3","0","3","36","3","0","0","0","0","0","34","0","1","0","0","11","0"
"346","346","8","control","0","14","17","0","1","0","7","29","3","2","0","0","0","0","70","0","1","0","0","15","0"
"347","347","8","control","0","19","11","0","1","0","5","35","6","0","0","0","0","1","46","0","2","0","0","15","0"
"348","348","8","control","0","17","11","0","3","0","11","53","2","2","0","0","0","5","51","0","0","0","1","12","0"
"349","349","8","control","0","23","21","0","2","0","6","68","2","1","0","0","0","2","65","0","2","0","2","12","0"
"350","350","8","control","0","19","17","0","1","1","10","71","2","2","0","0","1","0","83","0","1","0","1","2","0"
"351","351","4","control","1","5","7","0","3","1","5","36","0","0","0","0","0","1","35","0","2","0","0","1","0"
"352","352","8","control","1","22","20","0","0","1","21","53","0","3","0","0","3","1","66","0","0","0","6","2","0"
"353","353","8","control","8","29","23","0","2","2","22","42","5","3","0","0","0","3","19","0","2","0","7","0","0"
"354","354","8","control","8","27","25","0","2","3","25","36","3","6","0","0","5","3","12","0","9","0","1","4","0"
"355","355","8","control","4","32","27","0","2","3","11","26","4","0","0","0","2","3","0","0","9","0","4","0","0"
"356","356","8","control","0","26","25","1","1","2","8","21","1","0","0","0","4","0","0","0","5","0","3","1","0"
"357","357","8","control","0","34","24","1","2","1","6","22","0","0","0","0","2","3","1","0","5","0","4","0","0"
"358","358","8","control","0","34","25","1","1","0","9","23","1","0","0","0","1","1","3","0","3","0","1","1","0"
"359","359","8","control","3","31","28","2","1","0","6","21","0","1","0","0","0","5","19","0","5","0","4","2","0"
"360","360","8","control","4","34","36","2","4","2","7","23","1","5","0","0","1","5","34","0","5","0","6","1","0"
"361","361","8","control","4","35","30","3","2","0","9","20","2","6","0","0","0","3","26","0","1","0","5","0","0"
"362","362","8","control","1","35","29","4","2","0","8","20","0","8","0","0","0","2","34","0","1","0","1","0","0"
"363","363","8","control","0","20","19","1","1","0","4","6","0","2","0","0","0","0","11","0","0","0","2","0","0"
"364","364","8","control","0","10","10","3","1","0","6","12","0","0","0","0","0","0","21","0","0","0","1","0","0"
"365","365","8","control","0","12","11","2","3","0","7","12","0","1","0","0","0","0","21","0","0","0","0","0","0"
"366","366","8","control","0","14","13","4","2","0","8","11","1","1","0","0","0","0","5","0","0","0","0","0","0"
"367","367","8","control","0","20","17","3","4","0","1","9","2","1","0","0","0","0","1","0","0","0","1","0","0"
"368","368","8","control","0","21","18","2","1","0","1","9","1","0","0","0","0","0","0","0","0","0","0","0","0"
"369","369","8","control","1","18","17","1","3","1","4","5","0","0","0","0","0","0","0","0","0","0","0","0","0"
"370","370","8","control","1","23","14","1","3","0","2","5","2","0","0","0","0","0","0","0","2","0","0","0","0"
"371","371","8","control","0","19","21","0","3","1","3","3","0","1","0","0","0","0","6","0","0","0","0","0","0"
"372","372","8","control","2","15","19","0","3","1","4","8","0","1","0","0","0","0","22","0","0","0","2","0","0"
"373","373","8","control","2","20","22","0","1","1","2","11","1","2","0","0","0","0","24","0","0","0","1","0","0"
"374","374","8","control","1","14","19","1","1","0","1","10","0","0","0","0","0","0","30","0","0","0","1","0","0"
"375","375","8","control","1","15","13","2","1","1","1","8","0","0","0","0","0","0","23","0","0","0","0","0","0"
"376","376","8","control","0","14","10","2","2","0","2","6","1","0","0","0","0","0","9","0","0","0","0","0","0"
"377","377","8","control","0","12","3","3","1","0","1","4","0","0","0","0","0","0","2","0","0","0","0","0","0"
"378","378","8","control","0","8","2","2","1","0","2","4","0","0","0","0","0","0","0","0","0","0","0","0","0"
"379","379","8","control","0","9","1","2","0","1","3","3","0","0","0","0","0","0","0","0","0","0","0","0","0"
"380","380","8","control","0","7","1","2","0","0","1","2","1","0","0","0","0","0","0","0","0","0","0","0","0"
"381","381","8","control","0","8","0","1","0","0","2","1","0","0","0","0","0","0","0","0","0","0","0","0","0"
"382","382","8","control","0","10","1","1","1","1","1","3","0","0","0","0","0","0","1","0","0","0","0","0","0"
"383","383","8","control","0","11","1","0","0","0","0","3","0","0","0","0","0","0","2","0","0","0","0","0","0"
"384","384","8","control","0","15","0","0","0","0","1","1","0","0","0","0","0","0","8","0","0","0","0","0","0"
"385","385","8","control","0","16","0","0","0","0","0","1","0","0","0","0","0","0","10","0","0","0","0","0","0"
"386","386","8","control","0","11","0","0","0","0","2","2","0","0","0","0","0","0","18","0","0","0","0","0","0"
"387","387","8","control","0","12","2","0","1","0","0","0","0","0","0","0","0","0","47","0","0","0","0","0","0"
"388","388","8","control","0","15","1","0","0","0","0","0","0","1","0","0","0","0","13","0","0","0","0","0","0"
"389","389","8","control","0","20","2","0","0","0","3","0","0","0","0","0","0","0","1","0","0","0","0","0","0"
"390","390","8","control","0","16","1","0","0","0","0","0","0","0","0","0","0","0","0","0","0","0","0","0","0"
"391","391","8","control","0","18","1","0","0","0","1","0","0","0","0","0","0","0","2","0","0","0","0","0","0"
"392","392","8","control","0","20","4","0","0","0","1","0","0","1","0","0","0","0","20","0","0","0","0","0","0"
"393","393","8","control","0","20","1","0","0","0","1","0","0","1","0","0","0","0","33","0","0","0","0","0","0"
"394","394","8","control","0","9","2","0","0","0","0","0","0","1","0","0","0","0","28","0","0","0","0","0","0"
"395","395","8","control","0","9","1","0","0","0","0","1","0","0","0","0","0","0","31","0","0","0","0","0","0"
"396","396","8","control","0","14","1","0","0","0","0","0","0","0","0","0","0","0","50","0","0","0","0","0","0"
"397","397","8","control","0","11","0","0","0","0","0","0","0","0","0","0","0","0","55","0","0","0","0","0","0"
"398","398","8","control","0","13","0","0","0","0","2","1","0","0","0","0","0","0","67","0","0","0","0","0","0"
"399","399","8","control","0","13","0","0","0","0","2","1","1","1","0","0","0","0","70","0","0","0","0","0","0"
"400","400","4","control","0","10","0","0","0","1","1","1","5","0","0","0","0","0","2","0","0","0","0","0","0"
"401","401","8","control","0","26","2","0","0","4","0","2","8","2","0","0","0","0","2","0","1","1","0","0","0"
"402","402","8","control","0","23","0","0","0","6","1","2","2","6","0","0","0","0","10","0","2","1","0","0","0"
"403","403","8","control","0","23","2","0","0","2","0","3","4","5","0","0","0","0","27","0","0","0","0","0","0"
"404","404","8","control","0","28","0","0","1","4","2","2","2","1","0","0","0","0","50","0","0","0","0","0","0"
"405","405","6","control","0","28","3","0","1","1","0","3","3","2","0","0","0","0","47","0","1","0","0","0","0"
"406","406","8","control","0","39","1","0","1","0","1","3","2","1","0","0","0","0","78","0","0","0","0","0","0"
"407","407","8","control","0","41","2","0","0","0","1","7","2","0","0","0","0","0","116","0","0","0","0","0","0"
"408","408","8","control","0","40","2","0","0","0","2","2","0","2","0","0","0","0","93","0","0","0","0","0","0"
"409","409","8","control","0","37","2","0","0","2","4","6","2","0","0","0","0","0","67","0","0","0","0","0","0"
"410","410","8","control","0","40","1","0","0","5","5","5","2","0","0","0","0","0","48","0","0","0","0","0","0"
"411","411","8","control","0","40","1","0","1","3","5","4","3","0","0","0","0","0","14","0","0","0","0","0","0"
"412","412","8","control","0","51","2","0","1","1","0","3","5","0","0","0","0","0","4","0","0","0","0","0","0"
"413","413","8","control","0","37","2","0","0","3","3","3","3","0","0","0","0","0","0","0","0","0","0","0","0"
"414","414","8","control","0","37","2","0","1","2","0","2","3","0","0","0","0","0","1","0","0","0","0","0","0"
"415","415","8","control","0","39","6","0","1","2","1","2","3","2","0","0","0","0","4","0","0","1","0","0","0"
"416","416","8","control","2","38","3","0","1","0","0","1","1","0","0","0","0","0","36","0","0","0","0","0","0"
"417","417","8","control","0","36","3","0","0","2","2","4","0","0","0","0","0","0","48","0","0","0","0","0","0"
"418","418","8","control","0","31","3","0","0","0","0","3","0","1","0","0","0","0","62","0","0","0","0","0","0"
"419","419","8","control","0","28","4","0","0","0","1","3","0","0","0","0","0","0","55","0","0","0","0","0","0"
"420","420","8","control","0","28","2","0","1","3","1","7","2","0","0","0","0","0","28","0","0","0","0","0","0"
"421","421","8","control","0","39","1","0","0","0","2","6","4","0","0","0","0","0","2","0","1","0","0","0","0"
"422","422","8","control","0","52","8","0","1","3","1","3","3","0","0","0","0","0","1","0","4","0","0","0","0"
"423","423","8","control","0","47","5","0","1","1","2","5","7","0","0","0","0","0","14","0","2","0","1","0","0"
"424","424","8","control","1","49","9","0","0","2","0","2","4","0","0","0","0","0","32","0","4","0","0","0","0"
"425","425","8","control","0","41","13","0","2","2","4","4","3","0","0","0","0","0","42","0","1","0","0","0","0"
"426","426","8","control","0","36","7","0","1","2","0","4","1","0","0","0","0","0","67","0","0","0","0","0","0"
"427","427","8","control","1","37","6","0","0","1","1","3","1","0","0","0","0","0","97","0","0","0","1","0","0"
"428","428","8","control","0","35","10","0","1","0","3","2","0","0","0","0","0","0","49","0","1","0","0","0","0"
"429","429","8","control","1","31","6","0","0","1","4","3","1","0","0","0","0","0","85","0","0","0","0","0","0"
"430","430","8","control","1","29","4","0","1","0","3","5","0","0","0","0","0","0","55","0","0","0","0","0","0"
"431","431","8","control","0","29","7","0","1","0","8","4","0","0","1","0","0","0","32","0","0","0","3","0","0"
"432","432","8","control","1","25","7","0","1","4","5","5","4","0","0","0","0","0","12","0","1","0","0","1","0"
"433","433","4","control","4","10","5","0","1","4","4","3","6","0","0","0","0","0","9","0","1","1","1","0","0"
"434","434","8","control","2","35","10","0","1","6","7","1","5","0","0","0","0","0","6","0","4","2","1","0","0"
"435","435","8","control","2","43","14","0","1","7","4","4","8","1","0","0","0","0","18","0","10","2","9","1","0"
"436","436","8","control","12","34","16","0","1","2","3","3","3","0","0","0","0","0","36","0","14","2","7","3","0"
